-- Inserções na tabela vendedores
INSERT INTO vendedores (idVend, nomeVend, idade) VALUES (1, 'João Silva', 28);
INSERT INTO vendedores (idVend, nomeVend, idade) VALUES (2, 'Maria Fernandes', 32);
INSERT INTO vendedores (idVend, nomeVend, idade) VALUES (3, 'Pedro Alves', 25);
INSERT INTO vendedores (idVend, nomeVend, idade) VALUES (4, 'Ana Sousa', 29);
INSERT INTO vendedores (idVend, nomeVend, idade) VALUES (5, 'Ricardo Castro', 35);
INSERT INTO vendedores (idVend, nomeVend, idade) VALUES (6, 'Juliana Ribeiro', 30);
INSERT INTO vendedores (idVend, nomeVend, idade) VALUES (7, 'Fernando Dias', 31);
INSERT INTO vendedores (idVend, nomeVend, idade) VALUES (8, 'Tatiana Costa', 28);
INSERT INTO vendedores (idVend, nomeVend, idade) VALUES (9, 'Bruno Lima', 33);
INSERT INTO vendedores (idVend, nomeVend, idade) VALUES (10, 'Camila Santos', 26);

-- Inserções na tabela barcos
INSERT INTO barcos (idBarco, nomeBarco, cor) VALUES (1, 'Barco A', 'Azul');
INSERT INTO barcos (idBarco, nomeBarco, cor) VALUES (2, 'Barco B', 'Vermelho');
INSERT INTO barcos (idBarco, nomeBarco, cor) VALUES (3, 'Barco C', 'Verde');
INSERT INTO barcos (idBarco, nomeBarco, cor) VALUES (4, 'Barco D', 'Branco');
INSERT INTO barcos (idBarco, nomeBarco, cor) VALUES (5, 'Barco E', 'Preto');
INSERT INTO barcos (idBarco, nomeBarco, cor) VALUES (6, 'Barco F', 'Amarelo');
INSERT INTO barcos (idBarco, nomeBarco, cor) VALUES (7, 'Barco G', 'Laranja');
INSERT INTO barcos (idBarco, nomeBarco, cor) VALUES (8, 'Barco H', 'Roxo');
INSERT INTO barcos (idBarco, nomeBarco, cor) VALUES (9, 'Barco I', 'Rosa');
INSERT INTO barcos (idBarco, nomeBarco, cor) VALUES (10, 'Barco J', 'Cinza');


-- Inserções na tabela FazReserva
INSERT INTO FazReserva (idVend, idBarco, dia) VALUES (1, 1, '2023-10-10');
INSERT INTO FazReserva (idVend, idBarco, dia) VALUES (2, 2, '2023-10-11');
INSERT INTO FazReserva (idVend, idBarco, dia) VALUES (3, 3, '2023-10-12');
INSERT INTO FazReserva (idVend, idBarco, dia) VALUES (4, 4, '2023-10-13');
INSERT INTO FazReserva (idVend, idBarco, dia) VALUES (5, 5, '2023-10-14');
INSERT INTO FazReserva (idVend, idBarco, dia) VALUES (6, 6, '2023-10-15');
INSERT INTO FazReserva (idVend, idBarco, dia) VALUES (7, 7, '2023-10-16');
INSERT INTO FazReserva (idVend, idBarco, dia) VALUES (8, 8, '2023-10-17');
INSERT INTO FazReserva (idVend, idBarco, dia) VALUES (9, 9, '2023-10-18');
INSERT INTO FazReserva (idVend, idBarco, dia) VALUES (10, 10, '2023-10-19');